file,line,type,commit,author,date,time,timezone,datetime,depth,length
static/global.js,1,js,af6951c5,yix020,2024-10-23,00:18:44,-07:00,2024-10-23T00:18:44-07:00,0,25
static/global.js,2,js,af6951c5,yix020,2024-10-23,00:18:44,-07:00,2024-10-23T00:18:44-07:00,0,0
static/global.js,3,js,af6951c5,yix020,2024-10-23,00:18:44,-07:00,2024-10-23T00:18:44-07:00,0,41
static/global.js,4,js,af6951c5,yix020,2024-10-23,00:18:44,-07:00,2024-10-23T00:18:44-07:00,1,52
static/global.js,5,js,af6951c5,yix020,2024-10-23,00:18:44,-07:00,2024-10-23T00:18:44-07:00,0,0
static/global.js,6,js,af6951c5,yix020,2024-10-23,00:18:44,-07:00,2024-10-23T00:18:44-07:00,0,0
static/global.js,7,js,af6951c5,yix020,2024-10-23,00:18:44,-07:00,2024-10-23T00:18:44-07:00,0,25
static/global.js,8,js,af6951c5,yix020,2024-10-23,00:18:44,-07:00,2024-10-23T00:18:44-07:00,0,0
static/global.js,9,js,af6951c5,yix020,2024-10-23,00:18:44,-07:00,2024-10-23T00:18:44-07:00,0,30
static/global.js,10,js,af6951c5,yix020,2024-10-23,00:18:44,-07:00,2024-10-23T00:18:44-07:00,1,65
static/global.js,11,js,af6951c5,yix020,2024-10-23,00:18:44,-07:00,2024-10-23T00:18:44-07:00,0,0
static/global.js,12,js,af6951c5,yix020,2024-10-23,00:18:44,-07:00,2024-10-23T00:18:44-07:00,0,0
static/global.js,13,js,af6951c5,yix020,2024-10-23,00:18:44,-07:00,2024-10-23T00:18:44-07:00,0,36
static/global.js,14,js,af6951c5,yix020,2024-10-23,00:18:44,-07:00,2024-10-23T00:18:44-07:00,0,0
static/global.js,15,js,af6951c5,yix020,2024-10-23,00:18:44,-07:00,2024-10-23T00:18:44-07:00,0,11
static/global.js,16,js,af6951c5,yix020,2024-10-23,00:18:44,-07:00,2024-10-23T00:18:44-07:00,2,26
static/global.js,17,js,af6951c5,yix020,2024-10-23,00:18:44,-07:00,2024-10-23T00:18:44-07:00,2,37
static/global.js,18,js,af6951c5,yix020,2024-10-23,00:18:44,-07:00,2024-10-23T00:18:44-07:00,2,35
static/global.js,19,js,af6951c5,yix020,2024-10-23,00:18:44,-07:00,2024-10-23T00:18:44-07:00,2,34
static/global.js,20,js,af6951c5,yix020,2024-10-23,00:18:44,-07:00,2024-10-23T00:18:44-07:00,2,68
static/global.js,21,js,af6951c5,yix020,2024-10-23,00:18:44,-07:00,2024-10-23T00:18:44-07:00,0,0
static/global.js,22,js,af6951c5,yix020,2024-10-23,00:18:44,-07:00,2024-10-23T00:18:44-07:00,0,0
static/global.js,23,js,af6951c5,yix020,2024-10-23,00:18:44,-07:00,2024-10-23T00:18:44-07:00,0,0
static/global.js,24,js,00000000,Not Committed Yet,2024-11-13,14:23:31,-08:00,2024-11-13T14:23:31-08:00,0,41
static/global.js,25,js,00000000,Not Committed Yet,2024-11-13,14:23:31,-08:00,2024-11-13T14:23:31-08:00,0,28
static/global.js,26,js,00000000,Not Committed Yet,2024-11-13,14:23:31,-08:00,2024-11-13T14:23:31-08:00,0,0
static/global.js,27,js,00000000,Not Committed Yet,2024-11-13,14:23:31,-08:00,2024-11-13T14:23:31-08:00,0,71
static/global.js,28,js,00000000,Not Committed Yet,2024-11-13,14:23:31,-08:00,2024-11-13T14:23:31-08:00,0,0
static/global.js,29,js,00000000,Not Committed Yet,2024-11-13,14:23:31,-08:00,2024-11-13T14:23:31-08:00,0,23
static/global.js,30,js,00000000,Not Committed Yet,2024-11-13,14:23:31,-08:00,2024-11-13T14:23:31-08:00,0,21
static/global.js,31,js,00000000,Not Committed Yet,2024-11-13,14:23:31,-08:00,2024-11-13T14:23:31-08:00,0,25
static/global.js,32,js,00000000,Not Committed Yet,2024-11-13,14:23:31,-08:00,2024-11-13T14:23:31-08:00,0,42
static/global.js,33,js,00000000,Not Committed Yet,2024-11-13,14:23:31,-08:00,2024-11-13T14:23:31-08:00,0,41
static/global.js,34,js,00000000,Not Committed Yet,2024-11-13,14:23:31,-08:00,2024-11-13T14:23:31-08:00,0,69
static/global.js,35,js,00000000,Not Committed Yet,2024-11-13,14:23:31,-08:00,2024-11-13T14:23:31-08:00,0,18
static/global.js,36,js,00000000,Not Committed Yet,2024-11-13,14:23:31,-08:00,2024-11-13T14:23:31-08:00,0,27
static/global.js,37,js,00000000,Not Committed Yet,2024-11-13,14:23:31,-08:00,2024-11-13T14:23:31-08:00,0,24
static/global.js,38,js,00000000,Not Committed Yet,2024-11-13,14:23:31,-08:00,2024-11-13T14:23:31-08:00,0,19
static/global.js,39,js,00000000,Not Committed Yet,2024-11-13,14:23:31,-08:00,2024-11-13T14:23:31-08:00,0,70
static/global.js,40,js,00000000,Not Committed Yet,2024-11-13,14:23:31,-08:00,2024-11-13T14:23:31-08:00,0,7
static/global.js,41,js,00000000,Not Committed Yet,2024-11-13,14:23:31,-08:00,2024-11-13T14:23:31-08:00,0,36
static/global.js,42,js,00000000,Not Committed Yet,2024-11-13,14:23:31,-08:00,2024-11-13T14:23:31-08:00,0,29
static/global.js,43,js,00000000,Not Committed Yet,2024-11-13,14:23:31,-08:00,2024-11-13T14:23:31-08:00,0,6
static/global.js,44,js,00000000,Not Committed Yet,2024-11-13,14:23:31,-08:00,2024-11-13T14:23:31-08:00,0,0
static/global.js,45,js,00000000,Not Committed Yet,2024-11-13,14:23:31,-08:00,2024-11-13T14:23:31-08:00,0,19
static/global.js,46,js,00000000,Not Committed Yet,2024-11-13,14:23:31,-08:00,2024-11-13T14:23:31-08:00,0,2
static/global.js,47,js,00000000,Not Committed Yet,2024-11-13,14:23:31,-08:00,2024-11-13T14:23:31-08:00,0,0
static/global.js,48,js,00000000,Not Committed Yet,2024-11-13,14:23:31,-08:00,2024-11-13T14:23:31-08:00,0,34
static/global.js,49,js,00000000,Not Committed Yet,2024-11-13,14:23:31,-08:00,2024-11-13T14:23:31-08:00,0,18
static/global.js,50,js,00000000,Not Committed Yet,2024-11-13,14:23:31,-08:00,2024-11-13T14:23:31-08:00,0,6
static/global.js,51,js,00000000,Not Committed Yet,2024-11-13,14:23:31,-08:00,2024-11-13T14:23:31-08:00,0,33
static/global.js,52,js,00000000,Not Committed Yet,2024-11-13,14:23:31,-08:00,2024-11-13T14:23:31-08:00,0,13
static/global.js,53,js,00000000,Not Committed Yet,2024-11-13,14:23:31,-08:00,2024-11-13T14:23:31-08:00,0,15
static/global.js,54,js,00000000,Not Committed Yet,2024-11-13,14:23:31,-08:00,2024-11-13T14:23:31-08:00,0,54
static/global.js,55,js,00000000,Not Committed Yet,2024-11-13,14:23:31,-08:00,2024-11-13T14:23:31-08:00,0,45
static/global.js,56,js,00000000,Not Committed Yet,2024-11-13,14:23:31,-08:00,2024-11-13T14:23:31-08:00,0,43
static/global.js,57,js,00000000,Not Committed Yet,2024-11-13,14:23:31,-08:00,2024-11-13T14:23:31-08:00,0,16
static/global.js,58,js,00000000,Not Committed Yet,2024-11-13,14:23:31,-08:00,2024-11-13T14:23:31-08:00,0,13
static/global.js,59,js,00000000,Not Committed Yet,2024-11-13,14:23:31,-08:00,2024-11-13T14:23:31-08:00,0,6
static/global.js,60,js,00000000,Not Committed Yet,2024-11-13,14:23:31,-08:00,2024-11-13T14:23:31-08:00,0,3
static/global.js,61,js,af6951c5,yix020,2024-10-23,00:18:44,-07:00,2024-10-23T00:18:44-07:00,1,0
static/global.js,62,js,00000000,Not Committed Yet,2024-11-13,14:23:31,-08:00,2024-11-13T14:23:31-08:00,0,51
static/global.js,63,js,00000000,Not Committed Yet,2024-11-13,14:23:31,-08:00,2024-11-13T14:23:31-08:00,0,68
static/global.js,64,js,af6951c5,yix020,2024-10-23,00:18:44,-07:00,2024-10-23T00:18:44-07:00,0,0
static/global.js,65,js,00000000,Not Committed Yet,2024-11-13,14:23:31,-08:00,2024-11-13T14:23:31-08:00,0,70
static/global.js,66,js,00000000,Not Committed Yet,2024-11-13,14:23:31,-08:00,2024-11-13T14:23:31-08:00,0,57
static/global.js,67,js,00000000,Not Committed Yet,2024-11-13,14:23:31,-08:00,2024-11-13T14:23:31-08:00,0,47
static/global.js,68,js,af6951c5,yix020,2024-10-23,00:18:44,-07:00,2024-10-23T00:18:44-07:00,0,0
static/global.js,69,js,00000000,Not Committed Yet,2024-11-13,14:23:31,-08:00,2024-11-13T14:23:31-08:00,0,69
static/global.js,70,js,00000000,Not Committed Yet,2024-11-13,14:23:31,-08:00,2024-11-13T14:23:31-08:00,0,80
static/global.js,71,js,af6951c5,yix020,2024-10-23,00:18:44,-07:00,2024-10-23T00:18:44-07:00,0,0
static/global.js,72,js,00000000,Not Committed Yet,2024-11-13,14:23:31,-08:00,2024-11-13T14:23:31-08:00,0,62
static/global.js,73,js,00000000,Not Committed Yet,2024-11-13,14:23:31,-08:00,2024-11-13T14:23:31-08:00,0,57
static/global.js,74,js,00000000,Not Committed Yet,2024-11-13,14:23:31,-08:00,2024-11-13T14:23:31-08:00,0,4
static/global.js,75,js,af6951c5,yix020,2024-10-23,00:18:44,-07:00,2024-10-23T00:18:44-07:00,0,0
static/global.js,76,js,af6951c5,yix020,2024-10-23,00:18:44,-07:00,2024-10-23T00:18:44-07:00,0,67
static/global.js,77,js,af6951c5,yix020,2024-10-23,00:18:44,-07:00,2024-10-23T00:18:44-07:00,0,43
static/global.js,78,js,af6951c5,yix020,2024-10-23,00:18:44,-07:00,2024-10-23T00:18:44-07:00,2,54
static/global.js,79,js,af6951c5,yix020,2024-10-23,00:18:44,-07:00,2024-10-23T00:18:44-07:00,2,0
static/global.js,80,js,af6951c5,yix020,2024-10-23,00:18:44,-07:00,2024-10-23T00:18:44-07:00,2,16
static/global.js,81,js,af6951c5,yix020,2024-10-23,00:18:44,-07:00,2024-10-23T00:18:44-07:00,4,29
static/global.js,82,js,af6951c5,yix020,2024-10-23,00:18:44,-07:00,2024-10-23T00:18:44-07:00,4,70
static/global.js,83,js,af6951c5,yix020,2024-10-23,00:18:44,-07:00,2024-10-23T00:18:44-07:00,0,0
static/global.js,84,js,af6951c5,yix020,2024-10-23,00:18:44,-07:00,2024-10-23T00:18:44-07:00,4,54
static/global.js,85,js,af6951c5,yix020,2024-10-23,00:18:44,-07:00,2024-10-23T00:18:44-07:00,4,30
static/global.js,86,js,af6951c5,yix020,2024-10-23,00:18:44,-07:00,2024-10-23T00:18:44-07:00,2,0
static/global.js,87,js,af6951c5,yix020,2024-10-23,00:18:44,-07:00,2024-10-23T00:18:44-07:00,0,1
static/global.js,88,js,af6951c5,yix020,2024-10-23,00:18:44,-07:00,2024-10-23T00:18:44-07:00,0,0
static/global.js,89,js,af6951c5,yix020,2024-10-23,00:18:44,-07:00,2024-10-23T00:18:44-07:00,0,0
src/app.html,1,html,ad131f4,yix020,2024-10-22,15:07:06,-07:00,2024-10-22T15:07:06-07:00,0,13
src/app.html,2,html,ad131f4,yix020,2024-10-22,15:07:06,-07:00,2024-10-22T15:07:06-07:00,0,14
src/app.html,3,html,ad131f4,yix020,2024-10-22,15:07:06,-07:00,2024-10-22T15:07:06-07:00,0,4
src/app.html,4,html,ad131f4,yix020,2024-10-22,15:07:06,-07:00,2024-10-22T15:07:06-07:00,0,22
src/app.html,5,html,ad131f4,yix020,2024-10-22,15:07:06,-07:00,2024-10-22T15:07:06-07:00,0,55
src/app.html,6,html,ad131f4,yix020,2024-10-22,15:07:06,-07:00,2024-10-22T15:07:06-07:00,0,68
src/app.html,7,html,af6951c5,yix020,2024-10-23,00:18:44,-07:00,2024-10-23T00:18:44-07:00,0,25
src/app.html,8,html,00000000,Not Committed Yet,2024-11-13,14:23:31,-08:00,2024-11-13T14:23:31-08:00,0,0
src/app.html,9,html,00000000,Not Committed Yet,2024-11-13,14:23:31,-08:00,2024-11-13T14:23:31-08:00,0,55
src/app.html,10,html,00000000,Not Committed Yet,2024-11-13,14:23:31,-08:00,2024-11-13T14:23:31-08:00,0,6
src/app.html,11,html,00000000,Not Committed Yet,2024-11-13,14:23:31,-08:00,2024-11-13T14:23:31-08:00,0,31
src/app.html,12,html,00000000,Not Committed Yet,2024-11-13,14:23:31,-08:00,2024-11-13T14:23:31-08:00,0,34
src/app.html,13,html,00000000,Not Committed Yet,2024-11-13,14:23:31,-08:00,2024-11-13T14:23:31-08:00,0,73
src/app.html,14,html,00000000,Not Committed Yet,2024-11-13,14:23:31,-08:00,2024-11-13T14:23:31-08:00,0,57
src/app.html,15,html,00000000,Not Committed Yet,2024-11-13,14:23:31,-08:00,2024-11-13T14:23:31-08:00,0,43
src/app.html,16,html,00000000,Not Committed Yet,2024-11-13,14:23:31,-08:00,2024-11-13T14:23:31-08:00,0,50
src/app.html,17,html,00000000,Not Committed Yet,2024-11-13,14:23:31,-08:00,2024-11-13T14:23:31-08:00,0,7
src/app.html,18,html,00000000,Not Committed Yet,2024-11-13,14:23:31,-08:00,2024-11-13T14:23:31-08:00,0,0
src/app.html,19,html,af6951c5,yix020,2024-10-23,00:18:44,-07:00,2024-10-23T00:18:44-07:00,0,64
src/app.html,20,html,ad131f4,yix020,2024-10-22,15:07:06,-07:00,2024-10-22T15:07:06-07:00,0,14
src/app.html,21,html,ad131f4,yix020,2024-10-22,15:07:06,-07:00,2024-10-22T15:07:06-07:00,0,5
src/app.html,22,html,ad131f4,yix020,2024-10-22,15:07:06,-07:00,2024-10-22T15:07:06-07:00,0,40
src/app.html,23,html,ad131f4,yix020,2024-10-22,15:07:06,-07:00,2024-10-22T15:07:06-07:00,0,51
src/app.html,24,html,ad131f4,yix020,2024-10-22,15:07:06,-07:00,2024-10-22T15:07:06-07:00,0,5
src/app.html,25,html,ad131f4,yix020,2024-10-22,15:07:06,-07:00,2024-10-22T15:07:06-07:00,0,5
src/routes/+page.svelte,1,svelte,af6951c5,yix020,2024-10-23,00:18:44,-07:00,2024-10-23T00:18:44-07:00,0,0
src/routes/+page.svelte,2,svelte,00000000,Not Committed Yet,2024-11-13,14:23:31,-08:00,2024-11-13T14:23:31-08:00,0,6
src/routes/+page.svelte,3,js,00000000,Not Committed Yet,2024-11-13,14:23:31,-08:00,2024-11-13T14:23:31-08:00,2,66
src/routes/+page.svelte,4,js,00000000,Not Committed Yet,2024-11-13,14:23:31,-08:00,2024-11-13T14:23:31-08:00,2,75
src/routes/+page.svelte,5,js,00000000,Not Committed Yet,2024-11-13,14:23:31,-08:00,2024-11-13T14:23:31-08:00,2,76
src/routes/+page.svelte,6,svelte,00000000,Not Committed Yet,2024-11-13,14:23:31,-08:00,2024-11-13T14:23:31-08:00,0,7
src/routes/+page.svelte,7,svelte,00000000,Not Committed Yet,2024-11-13,14:23:31,-08:00,2024-11-13T14:23:31-08:00,0,0
src/routes/+page.svelte,8,svelte,af6951c5,yix020,2024-10-23,00:18:44,-07:00,2024-10-23T00:18:44-07:00,0,11
src/routes/+page.svelte,9,svelte,00000000,Not Committed Yet,2024-11-13,14:23:31,-08:00,2024-11-13T14:23:31-08:00,2,17
src/routes/+page.svelte,10,svelte,af6951c5,yix020,2024-10-23,00:18:44,-07:00,2024-10-23T00:18:44-07:00,0,12
src/routes/+page.svelte,11,svelte,00000000,Not Committed Yet,2024-11-13,14:23:31,-08:00,2024-11-13T14:23:31-08:00,0,0
src/routes/+page.svelte,12,svelte,af6951c5,yix020,2024-10-23,00:18:44,-07:00,2024-10-23T00:18:44-07:00,0,4
src/routes/+page.svelte,13,svelte,00000000,Not Committed Yet,2024-11-13,14:23:31,-08:00,2024-11-13T14:23:31-08:00,2,20
src/routes/+page.svelte,14,svelte,00000000,Not Committed Yet,2024-11-13,14:23:31,-08:00,2024-11-13T14:23:31-08:00,2,2
src/routes/+page.svelte,15,svelte,00000000,Not Committed Yet,2024-11-13,14:23:31,-08:00,2024-11-13T14:23:31-08:00,4,13
src/routes/+page.svelte,16,svelte,00000000,Not Committed Yet,2024-11-13,14:23:31,-08:00,2024-11-13T14:23:31-08:00,4,95
src/routes/+page.svelte,17,svelte,00000000,Not Committed Yet,2024-11-13,14:23:31,-08:00,2024-11-13T14:23:31-08:00,4,9
src/routes/+page.svelte,18,svelte,00000000,Not Committed Yet,2024-11-13,14:23:31,-08:00,2024-11-13T14:23:31-08:00,4,10
src/routes/+page.svelte,19,svelte,00000000,Not Committed Yet,2024-11-13,14:23:31,-08:00,2024-11-13T14:23:31-08:00,2,0
src/routes/+page.svelte,20,svelte,00000000,Not Committed Yet,2024-11-13,14:23:31,-08:00,2024-11-13T14:23:31-08:00,2,123
src/routes/+page.svelte,21,svelte,00000000,Not Committed Yet,2024-11-13,14:23:31,-08:00,2024-11-13T14:23:31-08:00,2,0
src/routes/+page.svelte,22,svelte,00000000,Not Committed Yet,2024-11-13,14:23:31,-08:00,2024-11-13T14:23:31-08:00,2,34
src/routes/+page.svelte,23,svelte,00000000,Not Committed Yet,2024-11-13,14:23:31,-08:00,2024-11-13T14:23:31-08:00,2,7
src/routes/+page.svelte,24,svelte,00000000,Not Committed Yet,2024-11-13,14:23:31,-08:00,2024-11-13T14:23:31-08:00,4,21
src/routes/+page.svelte,25,svelte,00000000,Not Committed Yet,2024-11-13,14:23:31,-08:00,2024-11-13T14:23:31-08:00,4,51
src/routes/+page.svelte,26,svelte,00000000,Not Committed Yet,2024-11-13,14:23:31,-08:00,2024-11-13T14:23:31-08:00,6,30
src/routes/+page.svelte,27,svelte,00000000,Not Committed Yet,2024-11-13,14:23:31,-08:00,2024-11-13T14:23:31-08:00,4,14
src/routes/+page.svelte,28,svelte,00000000,Not Committed Yet,2024-11-13,14:23:31,-08:00,2024-11-13T14:23:31-08:00,6,22
src/routes/+page.svelte,29,svelte,00000000,Not Committed Yet,2024-11-13,14:23:31,-08:00,2024-11-13T14:23:31-08:00,8,29
src/routes/+page.svelte,30,svelte,00000000,Not Committed Yet,2024-11-13,14:23:31,-08:00,2024-11-13T14:23:31-08:00,6,10
src/routes/+page.svelte,31,svelte,00000000,Not Committed Yet,2024-11-13,14:23:31,-08:00,2024-11-13T14:23:31-08:00,8,23
src/routes/+page.svelte,32,svelte,00000000,Not Committed Yet,2024-11-13,14:23:31,-08:00,2024-11-13T14:23:31-08:00,10,19
src/routes/+page.svelte,33,svelte,00000000,Not Committed Yet,2024-11-13,14:23:31,-08:00,2024-11-13T14:23:31-08:00,10,26
src/routes/+page.svelte,34,svelte,00000000,Not Committed Yet,2024-11-13,14:23:31,-08:00,2024-11-13T14:23:31-08:00,0,0
src/routes/+page.svelte,35,svelte,00000000,Not Committed Yet,2024-11-13,14:23:31,-08:00,2024-11-13T14:23:31-08:00,10,16
src/routes/+page.svelte,36,svelte,00000000,Not Committed Yet,2024-11-13,14:23:31,-08:00,2024-11-13T14:23:31-08:00,10,23
src/routes/+page.svelte,37,svelte,00000000,Not Committed Yet,2024-11-13,14:23:31,-08:00,2024-11-13T14:23:31-08:00,0,0
src/routes/+page.svelte,38,svelte,00000000,Not Committed Yet,2024-11-13,14:23:31,-08:00,2024-11-13T14:23:31-08:00,10,16
src/routes/+page.svelte,39,svelte,00000000,Not Committed Yet,2024-11-13,14:23:31,-08:00,2024-11-13T14:23:31-08:00,10,23
src/routes/+page.svelte,40,svelte,00000000,Not Committed Yet,2024-11-13,14:23:31,-08:00,2024-11-13T14:23:31-08:00,0,0
src/routes/+page.svelte,41,svelte,00000000,Not Committed Yet,2024-11-13,14:23:31,-08:00,2024-11-13T14:23:31-08:00,10,14
src/routes/+page.svelte,42,svelte,00000000,Not Committed Yet,2024-11-13,14:23:31,-08:00,2024-11-13T14:23:31-08:00,10,30
src/routes/+page.svelte,43,svelte,00000000,Not Committed Yet,2024-11-13,14:23:31,-08:00,2024-11-13T14:23:31-08:00,8,3
src/routes/+page.svelte,44,svelte,00000000,Not Committed Yet,2024-11-13,14:23:31,-08:00,2024-11-13T14:23:31-08:00,6,12
src/routes/+page.svelte,45,svelte,00000000,Not Committed Yet,2024-11-13,14:23:31,-08:00,2024-11-13T14:23:31-08:00,8,56
src/routes/+page.svelte,46,svelte,00000000,Not Committed Yet,2024-11-13,14:23:31,-08:00,2024-11-13T14:23:31-08:00,6,6
src/routes/+page.svelte,47,svelte,00000000,Not Committed Yet,2024-11-13,14:23:31,-08:00,2024-11-13T14:23:31-08:00,4,12
src/routes/+page.svelte,48,svelte,00000000,Not Committed Yet,2024-11-13,14:23:31,-08:00,2024-11-13T14:23:31-08:00,6,56
src/routes/+page.svelte,49,svelte,00000000,Not Committed Yet,2024-11-13,14:23:31,-08:00,2024-11-13T14:23:31-08:00,4,6
src/routes/+page.svelte,50,svelte,00000000,Not Committed Yet,2024-11-13,14:23:31,-08:00,2024-11-13T14:23:31-08:00,2,8
src/routes/+page.svelte,51,svelte,00000000,Not Committed Yet,2024-11-13,14:23:31,-08:00,2024-11-13T14:23:31-08:00,2,0
src/routes/+page.svelte,52,svelte,00000000,Not Committed Yet,2024-11-13,14:23:31,-08:00,2024-11-13T14:23:31-08:00,2,54
src/routes/+page.svelte,53,svelte,00000000,Not Committed Yet,2024-11-13,14:23:31,-08:00,2024-11-13T14:23:31-08:00,2,31
src/routes/+page.svelte,54,svelte,00000000,Not Committed Yet,2024-11-13,14:23:31,-08:00,2024-11-13T14:23:31-08:00,4,37
src/routes/+page.svelte,55,svelte,00000000,Not Committed Yet,2024-11-13,14:23:31,-08:00,2024-11-13T14:23:31-08:00,6,35
src/routes/+page.svelte,56,svelte,00000000,Not Committed Yet,2024-11-13,14:23:31,-08:00,2024-11-13T14:23:31-08:00,4,5
src/routes/+page.svelte,57,svelte,00000000,Not Committed Yet,2024-11-13,14:23:31,-08:00,2024-11-13T14:23:31-08:00,2,4
src/routes/+page.svelte,58,svelte,00000000,Not Committed Yet,2024-11-13,14:23:31,-08:00,2024-11-13T14:23:31-08:00,0,0
src/routes/+page.svelte,59,svelte,00000000,Not Committed Yet,2024-11-13,14:23:31,-08:00,2024-11-13T14:23:31-08:00,2,45
src/routes/+page.svelte,60,svelte,00000000,Not Committed Yet,2024-11-13,14:23:31,-08:00,2024-11-13T14:23:31-08:00,0,5
src/routes/+page.svelte,61,svelte,00000000,Not Committed Yet,2024-11-13,14:23:31,-08:00,2024-11-13T14:23:31-08:00,0,0
src/routes/+page.svelte,62,svelte,00000000,Not Committed Yet,2024-11-13,14:23:31,-08:00,2024-11-13T14:23:31-08:00,0,5
src/routes/+page.svelte,63,css,00000000,Not Committed Yet,2024-11-13,14:23:31,-08:00,2024-11-13T14:23:31-08:00,2,32
src/routes/+page.svelte,64,css,00000000,Not Committed Yet,2024-11-13,14:23:31,-08:00,2024-11-13T14:23:31-08:00,2,18
src/routes/+page.svelte,65,css,00000000,Not Committed Yet,2024-11-13,14:23:31,-08:00,2024-11-13T14:23:31-08:00,4,17
src/routes/+page.svelte,66,css,00000000,Not Committed Yet,2024-11-13,14:23:31,-08:00,2024-11-13T14:23:31-08:00,4,10
src/routes/+page.svelte,67,css,00000000,Not Committed Yet,2024-11-13,14:23:31,-08:00,2024-11-13T14:23:31-08:00,4,14
src/routes/+page.svelte,68,css,00000000,Not Committed Yet,2024-11-13,14:23:31,-08:00,2024-11-13T14:23:31-08:00,2,0
src/routes/+page.svelte,69,css,00000000,Not Committed Yet,2024-11-13,14:23:31,-08:00,2024-11-13T14:23:31-08:00,0,0
src/routes/+page.svelte,70,css,00000000,Not Committed Yet,2024-11-13,14:23:31,-08:00,2024-11-13T14:23:31-08:00,2,32
src/routes/+page.svelte,71,css,00000000,Not Committed Yet,2024-11-13,14:23:31,-08:00,2024-11-13T14:23:31-08:00,2,10
src/routes/+page.svelte,72,css,00000000,Not Committed Yet,2024-11-13,14:23:31,-08:00,2024-11-13T14:23:31-08:00,4,16
src/routes/+page.svelte,73,css,00000000,Not Committed Yet,2024-11-13,14:23:31,-08:00,2024-11-13T14:23:31-08:00,4,17
src/routes/+page.svelte,74,css,00000000,Not Committed Yet,2024-11-13,14:23:31,-08:00,2024-11-13T14:23:31-08:00,4,10
src/routes/+page.svelte,75,css,00000000,Not Committed Yet,2024-11-13,14:23:31,-08:00,2024-11-13T14:23:31-08:00,2,0
src/routes/+page.svelte,76,css,00000000,Not Committed Yet,2024-11-13,14:23:31,-08:00,2024-11-13T14:23:31-08:00,2,13
src/routes/+page.svelte,77,css,00000000,Not Committed Yet,2024-11-13,14:23:31,-08:00,2024-11-13T14:23:31-08:00,4,12
src/routes/+page.svelte,78,css,00000000,Not Committed Yet,2024-11-13,14:23:31,-08:00,2024-11-13T14:23:31-08:00,4,36
src/routes/+page.svelte,79,css,00000000,Not Committed Yet,2024-11-13,14:23:31,-08:00,2024-11-13T14:23:31-08:00,4,10
src/routes/+page.svelte,80,css,00000000,Not Committed Yet,2024-11-13,14:23:31,-08:00,2024-11-13T14:23:31-08:00,4,15
src/routes/+page.svelte,81,css,00000000,Not Committed Yet,2024-11-13,14:23:31,-08:00,2024-11-13T14:23:31-08:00,2,0
src/routes/+page.svelte,82,css,00000000,Not Committed Yet,2024-11-13,14:23:31,-08:00,2024-11-13T14:23:31-08:00,2,16
src/routes/+page.svelte,83,css,00000000,Not Committed Yet,2024-11-13,14:23:31,-08:00,2024-11-13T14:23:31-08:00,4,16
src/routes/+page.svelte,84,css,00000000,Not Committed Yet,2024-11-13,14:23:31,-08:00,2024-11-13T14:23:31-08:00,4,10
src/routes/+page.svelte,85,css,00000000,Not Committed Yet,2024-11-13,14:23:31,-08:00,2024-11-13T14:23:31-08:00,2,0
src/routes/+page.svelte,86,css,00000000,Not Committed Yet,2024-11-13,14:23:31,-08:00,2024-11-13T14:23:31-08:00,2,16
src/routes/+page.svelte,87,css,00000000,Not Committed Yet,2024-11-13,14:23:31,-08:00,2024-11-13T14:23:31-08:00,4,8
src/routes/+page.svelte,88,css,00000000,Not Committed Yet,2024-11-13,14:23:31,-08:00,2024-11-13T14:23:31-08:00,4,10
src/routes/+page.svelte,89,css,00000000,Not Committed Yet,2024-11-13,14:23:31,-08:00,2024-11-13T14:23:31-08:00,4,10
src/routes/+page.svelte,90,css,00000000,Not Committed Yet,2024-11-13,14:23:31,-08:00,2024-11-13T14:23:31-08:00,2,0
src/routes/+page.svelte,91,css,00000000,Not Committed Yet,2024-11-13,14:23:31,-08:00,2024-11-13T14:23:31-08:00,0,0
src/routes/+page.svelte,92,css,00000000,Not Committed Yet,2024-11-13,14:23:31,-08:00,2024-11-13T14:23:31-08:00,2,25
src/routes/+page.svelte,93,css,00000000,Not Committed Yet,2024-11-13,14:23:31,-08:00,2024-11-13T14:23:31-08:00,2,6
src/routes/+page.svelte,94,css,00000000,Not Committed Yet,2024-11-13,14:23:31,-08:00,2024-11-13T14:23:31-08:00,4,9
src/routes/+page.svelte,95,css,00000000,Not Committed Yet,2024-11-13,14:23:31,-08:00,2024-11-13T14:23:31-08:00,4,16
src/routes/+page.svelte,96,css,00000000,Not Committed Yet,2024-11-13,14:23:31,-08:00,2024-11-13T14:23:31-08:00,2,0
src/routes/+page.svelte,97,css,00000000,Not Committed Yet,2024-11-13,14:23:31,-08:00,2024-11-13T14:23:31-08:00,0,0
src/routes/+page.svelte,98,css,00000000,Not Committed Yet,2024-11-13,14:23:31,-08:00,2024-11-13T14:23:31-08:00,2,28
src/routes/+page.svelte,99,css,00000000,Not Committed Yet,2024-11-13,14:23:31,-08:00,2024-11-13T14:23:31-08:00,2,24
src/routes/+page.svelte,100,css,00000000,Not Committed Yet,2024-11-13,14:23:31,-08:00,2024-11-13T14:23:31-08:00,4,16
src/routes/+page.svelte,101,css,00000000,Not Committed Yet,2024-11-13,14:23:31,-08:00,2024-11-13T14:23:31-08:00,4,17
src/routes/+page.svelte,102,css,00000000,Not Committed Yet,2024-11-13,14:23:31,-08:00,2024-11-13T14:23:31-08:00,4,10
src/routes/+page.svelte,103,css,00000000,Not Committed Yet,2024-11-13,14:23:31,-08:00,2024-11-13T14:23:31-08:00,2,0
src/routes/+page.svelte,104,css,00000000,Not Committed Yet,2024-11-13,14:23:31,-08:00,2024-11-13T14:23:31-08:00,2,9
src/routes/+page.svelte,105,css,00000000,Not Committed Yet,2024-11-13,14:23:31,-08:00,2024-11-13T14:23:31-08:00,4,16
src/routes/+page.svelte,106,css,00000000,Not Committed Yet,2024-11-13,14:23:31,-08:00,2024-11-13T14:23:31-08:00,4,10
src/routes/+page.svelte,107,css,00000000,Not Committed Yet,2024-11-13,14:23:31,-08:00,2024-11-13T14:23:31-08:00,2,0
src/routes/+page.svelte,108,svelte,00000000,Not Committed Yet,2024-11-13,14:23:31,-08:00,2024-11-13T14:23:31-08:00,0,6
src/routes/resume/+page.svelte,1,svelte,af6951c5,yix020,2024-10-23,00:18:44,-07:00,2024-10-23T00:18:44-07:00,0,0
src/routes/resume/+page.svelte,2,svelte,af6951c5,yix020,2024-10-23,00:18:44,-07:00,2024-10-23T00:18:44-07:00,0,11
src/routes/resume/+page.svelte,3,svelte,af6951c5,yix020,2024-10-23,00:18:44,-07:00,2024-10-23T00:18:44-07:00,2,20
src/routes/resume/+page.svelte,4,svelte,af6951c5,yix020,2024-10-23,00:18:44,-07:00,2024-10-23T00:18:44-07:00,0,12
src/routes/resume/+page.svelte,5,svelte,af6951c5,yix020,2024-10-23,00:18:44,-07:00,2024-10-23T00:18:44-07:00,0,4
src/routes/resume/+page.svelte,6,svelte,af6951c5,yix020,2024-10-23,00:18:44,-07:00,2024-10-23T00:18:44-07:00,2,16
src/routes/resume/+page.svelte,7,svelte,af6951c5,yix020,2024-10-23,00:18:44,-07:00,2024-10-23T00:18:44-07:00,2,7
src/routes/resume/+page.svelte,8,svelte,af6951c5,yix020,2024-10-23,00:18:44,-07:00,2024-10-23T00:18:44-07:00,4,16
src/routes/resume/+page.svelte,9,svelte,af6951c5,yix020,2024-10-23,00:18:44,-07:00,2024-10-23T00:18:44-07:00,4,26
src/routes/resume/+page.svelte,10,svelte,af6951c5,yix020,2024-10-23,00:18:44,-07:00,2024-10-23T00:18:44-07:00,6,21
src/routes/resume/+page.svelte,11,svelte,af6951c5,yix020,2024-10-23,00:18:44,-07:00,2024-10-23T00:18:44-07:00,8,40
src/routes/resume/+page.svelte,12,svelte,af6951c5,yix020,2024-10-23,00:18:44,-07:00,2024-10-23T00:18:44-07:00,8,36
src/routes/resume/+page.svelte,13,svelte,af6951c5,yix020,2024-10-23,00:18:44,-07:00,2024-10-23T00:18:44-07:00,6,4
src/routes/resume/+page.svelte,14,svelte,af6951c5,yix020,2024-10-23,00:18:44,-07:00,2024-10-23T00:18:44-07:00,6,21
src/routes/resume/+page.svelte,15,svelte,af6951c5,yix020,2024-10-23,00:18:44,-07:00,2024-10-23T00:18:44-07:00,8,40
src/routes/resume/+page.svelte,16,svelte,af6951c5,yix020,2024-10-23,00:18:44,-07:00,2024-10-23T00:18:44-07:00,8,91
src/routes/resume/+page.svelte,17,svelte,af6951c5,yix020,2024-10-23,00:18:44,-07:00,2024-10-23T00:18:44-07:00,6,4
src/routes/resume/+page.svelte,18,svelte,af6951c5,yix020,2024-10-23,00:18:44,-07:00,2024-10-23T00:18:44-07:00,6,21
src/routes/resume/+page.svelte,19,svelte,af6951c5,yix020,2024-10-23,00:18:44,-07:00,2024-10-23T00:18:44-07:00,8,29
src/routes/resume/+page.svelte,20,svelte,af6951c5,yix020,2024-10-23,00:18:44,-07:00,2024-10-23T00:18:44-07:00,8,37
src/routes/resume/+page.svelte,21,svelte,af6951c5,yix020,2024-10-23,00:18:44,-07:00,2024-10-23T00:18:44-07:00,6,4
src/routes/resume/+page.svelte,22,svelte,af6951c5,yix020,2024-10-23,00:18:44,-07:00,2024-10-23T00:18:44-07:00,4,4
src/routes/resume/+page.svelte,23,svelte,af6951c5,yix020,2024-10-23,00:18:44,-07:00,2024-10-23T00:18:44-07:00,2,8
src/routes/resume/+page.svelte,24,svelte,af6951c5,yix020,2024-10-23,00:18:44,-07:00,2024-10-23T00:18:44-07:00,0,5
src/routes/projects/+page.svelte,1,svelte,00000000,Not Committed Yet,2024-11-13,14:23:31,-08:00,2024-11-13T14:23:31-08:00,0,6
src/routes/projects/+page.svelte,2,js,00000000,Not Committed Yet,2024-11-13,14:23:31,-08:00,2024-11-13T14:23:31-08:00,2,40
src/routes/projects/+page.svelte,3,js,00000000,Not Committed Yet,2024-11-13,14:23:31,-08:00,2024-11-13T14:23:31-08:00,2,75
src/routes/projects/+page.svelte,4,js,00000000,Not Committed Yet,2024-11-13,14:23:31,-08:00,2024-11-13T14:23:31-08:00,2,63
src/routes/projects/+page.svelte,5,js,00000000,Not Committed Yet,2024-11-13,14:23:31,-08:00,2024-11-13T14:23:31-08:00,2,58
src/routes/projects/+page.svelte,6,js,00000000,Not Committed Yet,2024-11-13,14:23:31,-08:00,2024-11-13T14:23:31-08:00,0,0
src/routes/projects/+page.svelte,7,js,00000000,Not Committed Yet,2024-11-13,14:23:31,-08:00,2024-11-13T14:23:31-08:00,2,34
src/routes/projects/+page.svelte,8,js,00000000,Not Committed Yet,2024-11-13,14:23:31,-08:00,2024-11-13T14:23:31-08:00,2,13
src/routes/projects/+page.svelte,9,js,00000000,Not Committed Yet,2024-11-13,14:23:31,-08:00,2024-11-13T14:23:31-08:00,0,0
src/routes/projects/+page.svelte,10,js,00000000,Not Committed Yet,2024-11-13,14:23:31,-08:00,2024-11-13T14:23:31-08:00,2,64
src/routes/projects/+page.svelte,11,js,00000000,Not Committed Yet,2024-11-13,14:23:31,-08:00,2024-11-13T14:23:31-08:00,2,19
src/routes/projects/+page.svelte,12,js,00000000,Not Committed Yet,2024-11-13,14:23:31,-08:00,2024-11-13T14:23:31-08:00,2,50
src/routes/projects/+page.svelte,13,js,00000000,Not Committed Yet,2024-11-13,14:23:31,-08:00,2024-11-13T14:23:31-08:00,4,58
src/routes/projects/+page.svelte,14,js,00000000,Not Committed Yet,2024-11-13,14:23:31,-08:00,2024-11-13T14:23:31-08:00,4,42
src/routes/projects/+page.svelte,15,js,00000000,Not Committed Yet,2024-11-13,14:23:31,-08:00,2024-11-13T14:23:31-08:00,2,1
src/routes/projects/+page.svelte,16,js,00000000,Not Committed Yet,2024-11-13,14:23:31,-08:00,2024-11-13T14:23:31-08:00,0,0
src/routes/projects/+page.svelte,17,js,00000000,Not Committed Yet,2024-11-13,14:23:31,-08:00,2024-11-13T14:23:31-08:00,2,25
src/routes/projects/+page.svelte,18,js,00000000,Not Committed Yet,2024-11-13,14:23:31,-08:00,2024-11-13T14:23:31-08:00,2,10
src/routes/projects/+page.svelte,19,js,00000000,Not Committed Yet,2024-11-13,14:23:31,-08:00,2024-11-13T14:23:31-08:00,0,0
src/routes/projects/+page.svelte,20,js,00000000,Not Committed Yet,2024-11-13,14:23:31,-08:00,2024-11-13T14:23:31-08:00,2,62
src/routes/projects/+page.svelte,21,js,00000000,Not Committed Yet,2024-11-13,14:23:31,-08:00,2024-11-13T14:23:31-08:00,2,2
src/routes/projects/+page.svelte,22,js,00000000,Not Committed Yet,2024-11-13,14:23:31,-08:00,2024-11-13T14:23:31-08:00,4,28
src/routes/projects/+page.svelte,23,js,00000000,Not Committed Yet,2024-11-13,14:23:31,-08:00,2024-11-13T14:23:31-08:00,6,15
src/routes/projects/+page.svelte,24,js,00000000,Not Committed Yet,2024-11-13,14:23:31,-08:00,2024-11-13T14:23:31-08:00,6,14
src/routes/projects/+page.svelte,25,js,00000000,Not Committed Yet,2024-11-13,14:23:31,-08:00,2024-11-13T14:23:31-08:00,6,11
src/routes/projects/+page.svelte,26,js,00000000,Not Committed Yet,2024-11-13,14:23:31,-08:00,2024-11-13T14:23:31-08:00,4,0
src/routes/projects/+page.svelte,27,js,00000000,Not Committed Yet,2024-11-13,14:23:31,-08:00,2024-11-13T14:23:31-08:00,0,0
src/routes/projects/+page.svelte,28,js,00000000,Not Committed Yet,2024-11-13,14:23:31,-08:00,2024-11-13T14:23:31-08:00,4,43
src/routes/projects/+page.svelte,29,js,00000000,Not Committed Yet,2024-11-13,14:23:31,-08:00,2024-11-13T14:23:31-08:00,6,35
src/routes/projects/+page.svelte,30,js,00000000,Not Committed Yet,2024-11-13,14:23:31,-08:00,2024-11-13T14:23:31-08:00,4,1
src/routes/projects/+page.svelte,31,js,00000000,Not Committed Yet,2024-11-13,14:23:31,-08:00,2024-11-13T14:23:31-08:00,2,0
src/routes/projects/+page.svelte,32,js,00000000,Not Committed Yet,2024-11-13,14:23:31,-08:00,2024-11-13T14:23:31-08:00,0,0
src/routes/projects/+page.svelte,33,js,00000000,Not Committed Yet,2024-11-13,14:23:31,-08:00,2024-11-13T14:23:31-08:00,2,45
src/routes/projects/+page.svelte,34,js,00000000,Not Committed Yet,2024-11-13,14:23:31,-08:00,2024-11-13T14:23:31-08:00,2,25
src/routes/projects/+page.svelte,35,js,00000000,Not Committed Yet,2024-11-13,14:23:31,-08:00,2024-11-13T14:23:31-08:00,0,0
src/routes/projects/+page.svelte,36,js,00000000,Not Committed Yet,2024-11-13,14:23:31,-08:00,2024-11-13T14:23:31-08:00,2,49
src/routes/projects/+page.svelte,37,js,00000000,Not Committed Yet,2024-11-13,14:23:31,-08:00,2024-11-13T14:23:31-08:00,2,50
src/routes/projects/+page.svelte,38,js,00000000,Not Committed Yet,2024-11-13,14:23:31,-08:00,2024-11-13T14:23:31-08:00,2,14
src/routes/projects/+page.svelte,39,js,00000000,Not Committed Yet,2024-11-13,14:23:31,-08:00,2024-11-13T14:23:31-08:00,2,81
src/routes/projects/+page.svelte,40,js,00000000,Not Committed Yet,2024-11-13,14:23:31,-08:00,2024-11-13T14:23:31-08:00,0,0
src/routes/projects/+page.svelte,41,js,00000000,Not Committed Yet,2024-11-13,14:23:31,-08:00,2024-11-13T14:23:31-08:00,2,71
src/routes/projects/+page.svelte,42,js,00000000,Not Committed Yet,2024-11-13,14:23:31,-08:00,2024-11-13T14:23:31-08:00,2,17
src/routes/projects/+page.svelte,43,js,00000000,Not Committed Yet,2024-11-13,14:23:31,-08:00,2024-11-13T14:23:31-08:00,2,2
src/routes/projects/+page.svelte,44,js,00000000,Not Committed Yet,2024-11-13,14:23:31,-08:00,2024-11-13T14:23:31-08:00,4,53
src/routes/projects/+page.svelte,45,js,00000000,Not Committed Yet,2024-11-13,14:23:31,-08:00,2024-11-13T14:23:31-08:00,6,17
src/routes/projects/+page.svelte,46,js,00000000,Not Committed Yet,2024-11-13,14:23:31,-08:00,2024-11-13T14:23:31-08:00,8,35
src/routes/projects/+page.svelte,47,js,00000000,Not Committed Yet,2024-11-13,14:23:31,-08:00,2024-11-13T14:23:31-08:00,6,0
src/routes/projects/+page.svelte,48,js,00000000,Not Committed Yet,2024-11-13,14:23:31,-08:00,2024-11-13T14:23:31-08:00,6,10
src/routes/projects/+page.svelte,49,js,00000000,Not Committed Yet,2024-11-13,14:23:31,-08:00,2024-11-13T14:23:31-08:00,4,1
src/routes/projects/+page.svelte,50,js,00000000,Not Committed Yet,2024-11-13,14:23:31,-08:00,2024-11-13T14:23:31-08:00,2,0
src/routes/projects/+page.svelte,51,svelte,00000000,Not Committed Yet,2024-11-13,14:23:31,-08:00,2024-11-13T14:23:31-08:00,0,7
src/routes/projects/+page.svelte,52,svelte,00000000,Not Committed Yet,2024-11-13,14:23:31,-08:00,2024-11-13T14:23:31-08:00,0,0
src/routes/projects/+page.svelte,53,svelte,af6951c5,yix020,2024-10-23,00:18:44,-07:00,2024-10-23T00:18:44-07:00,0,11
src/routes/projects/+page.svelte,54,svelte,af6951c5,yix020,2024-10-23,00:18:44,-07:00,2024-10-23T00:18:44-07:00,2,21
src/routes/projects/+page.svelte,55,svelte,af6951c5,yix020,2024-10-23,00:18:44,-07:00,2024-10-23T00:18:44-07:00,0,12
src/routes/projects/+page.svelte,56,svelte,00000000,Not Committed Yet,2024-11-13,14:23:31,-08:00,2024-11-13T14:23:31-08:00,0,0
src/routes/projects/+page.svelte,57,svelte,00000000,Not Committed Yet,2024-11-13,14:23:31,-08:00,2024-11-13T14:23:31-08:00,0,4
src/routes/projects/+page.svelte,58,svelte,00000000,Not Committed Yet,2024-11-13,14:23:31,-08:00,2024-11-13T14:23:31-08:00,2,81
src/routes/projects/+page.svelte,59,svelte,00000000,Not Committed Yet,2024-11-13,14:23:31,-08:00,2024-11-13T14:23:31-08:00,0,0
src/routes/projects/+page.svelte,60,svelte,00000000,Not Committed Yet,2024-11-13,14:23:31,-08:00,2024-11-13T14:23:31-08:00,2,24
src/routes/projects/+page.svelte,61,svelte,00000000,Not Committed Yet,2024-11-13,14:23:31,-08:00,2024-11-13T14:23:31-08:00,2,29
src/routes/projects/+page.svelte,62,svelte,00000000,Not Committed Yet,2024-11-13,14:23:31,-08:00,2024-11-13T14:23:31-08:00,4,32
src/routes/projects/+page.svelte,63,svelte,00000000,Not Committed Yet,2024-11-13,14:23:31,-08:00,2024-11-13T14:23:31-08:00,4,91
src/routes/projects/+page.svelte,64,svelte,00000000,Not Committed Yet,2024-11-13,14:23:31,-08:00,2024-11-13T14:23:31-08:00,2,8
src/routes/projects/+page.svelte,65,svelte,00000000,Not Committed Yet,2024-11-13,14:23:31,-08:00,2024-11-13T14:23:31-08:00,0,0
src/routes/projects/+page.svelte,66,svelte,00000000,Not Committed Yet,2024-11-13,14:23:31,-08:00,2024-11-13T14:23:31-08:00,2,58
src/routes/projects/+page.svelte,67,svelte,00000000,Not Committed Yet,2024-11-13,14:23:31,-08:00,2024-11-13T14:23:31-08:00,2,45
src/routes/projects/+page.svelte,68,svelte,00000000,Not Committed Yet,2024-11-13,14:23:31,-08:00,2024-11-13T14:23:31-08:00,2,34
src/routes/projects/+page.svelte,69,svelte,00000000,Not Committed Yet,2024-11-13,14:23:31,-08:00,2024-11-13T14:23:31-08:00,0,0
src/routes/projects/+page.svelte,70,svelte,00000000,Not Committed Yet,2024-11-13,14:23:31,-08:00,2024-11-13T14:23:31-08:00,2,4
src/routes/projects/+page.svelte,71,svelte,00000000,Not Committed Yet,2024-11-13,14:23:31,-08:00,2024-11-13T14:23:31-08:00,4,11
src/routes/projects/+page.svelte,72,svelte,00000000,Not Committed Yet,2024-11-13,14:23:31,-08:00,2024-11-13T14:23:31-08:00,4,18
src/routes/projects/+page.svelte,73,svelte,00000000,Not Committed Yet,2024-11-13,14:23:31,-08:00,2024-11-13T14:23:31-08:00,4,26
src/routes/projects/+page.svelte,74,svelte,00000000,Not Committed Yet,2024-11-13,14:23:31,-08:00,2024-11-13T14:23:31-08:00,4,31
src/routes/projects/+page.svelte,75,svelte,00000000,Not Committed Yet,2024-11-13,14:23:31,-08:00,2024-11-13T14:23:31-08:00,2,0
src/routes/projects/+page.svelte,76,svelte,00000000,Not Committed Yet,2024-11-13,14:23:31,-08:00,2024-11-13T14:23:31-08:00,2,27
src/routes/projects/+page.svelte,77,svelte,00000000,Not Committed Yet,2024-11-13,14:23:31,-08:00,2024-11-13T14:23:31-08:00,2,32
src/routes/projects/+page.svelte,78,svelte,00000000,Not Committed Yet,2024-11-13,14:23:31,-08:00,2024-11-13T14:23:31-08:00,4,20
src/routes/projects/+page.svelte,79,svelte,00000000,Not Committed Yet,2024-11-13,14:23:31,-08:00,2024-11-13T14:23:31-08:00,6,80
src/routes/projects/+page.svelte,80,svelte,00000000,Not Committed Yet,2024-11-13,14:23:31,-08:00,2024-11-13T14:23:31-08:00,6,61
src/routes/projects/+page.svelte,81,svelte,00000000,Not Committed Yet,2024-11-13,14:23:31,-08:00,2024-11-13T14:23:31-08:00,6,5
src/routes/projects/+page.svelte,82,svelte,00000000,Not Committed Yet,2024-11-13,14:23:31,-08:00,2024-11-13T14:23:31-08:00,4,4
src/routes/projects/+page.svelte,83,svelte,00000000,Not Committed Yet,2024-11-13,14:23:31,-08:00,2024-11-13T14:23:31-08:00,2,8
src/routes/projects/+page.svelte,84,svelte,00000000,Not Committed Yet,2024-11-13,14:23:31,-08:00,2024-11-13T14:23:31-08:00,0,5
src/routes/projects/+page.svelte,85,svelte,00000000,Not Committed Yet,2024-11-13,14:23:31,-08:00,2024-11-13T14:23:31-08:00,0,0
src/routes/projects/+page.svelte,86,svelte,00000000,Not Committed Yet,2024-11-13,14:23:31,-08:00,2024-11-13T14:23:31-08:00,0,5
src/routes/projects/+page.svelte,87,css,00000000,Not Committed Yet,2024-11-13,14:23:31,-08:00,2024-11-13T14:23:31-08:00,2,23
src/routes/projects/+page.svelte,88,css,00000000,Not Committed Yet,2024-11-13,14:23:31,-08:00,2024-11-13T14:23:31-08:00,2,4
src/routes/projects/+page.svelte,89,css,00000000,Not Committed Yet,2024-11-13,14:23:31,-08:00,2024-11-13T14:23:31-08:00,4,12
src/routes/projects/+page.svelte,90,css,00000000,Not Committed Yet,2024-11-13,14:23:31,-08:00,2024-11-13T14:23:31-08:00,4,31
src/routes/projects/+page.svelte,91,css,00000000,Not Committed Yet,2024-11-13,14:23:31,-08:00,2024-11-13T14:23:31-08:00,2,0
src/routes/projects/+page.svelte,92,css,00000000,Not Committed Yet,2024-11-13,14:23:31,-08:00,2024-11-13T14:23:31-08:00,0,0
src/routes/projects/+page.svelte,93,css,00000000,Not Committed Yet,2024-11-13,14:23:31,-08:00,2024-11-13T14:23:31-08:00,2,2
src/routes/projects/+page.svelte,94,css,00000000,Not Committed Yet,2024-11-13,14:23:31,-08:00,2024-11-13T14:23:31-08:00,4,14
src/routes/projects/+page.svelte,95,css,00000000,Not Committed Yet,2024-11-13,14:23:31,-08:00,2024-11-13T14:23:31-08:00,4,10
src/routes/projects/+page.svelte,96,css,00000000,Not Committed Yet,2024-11-13,14:23:31,-08:00,2024-11-13T14:23:31-08:00,4,20
src/routes/projects/+page.svelte,97,css,00000000,Not Committed Yet,2024-11-13,14:23:31,-08:00,2024-11-13T14:23:31-08:00,4,17
src/routes/projects/+page.svelte,98,css,00000000,Not Committed Yet,2024-11-13,14:23:31,-08:00,2024-11-13T14:23:31-08:00,2,0
src/routes/projects/+page.svelte,99,css,00000000,Not Committed Yet,2024-11-13,14:23:31,-08:00,2024-11-13T14:23:31-08:00,0,0
src/routes/projects/+page.svelte,100,css,00000000,Not Committed Yet,2024-11-13,14:23:31,-08:00,2024-11-13T14:23:31-08:00,2,37
src/routes/projects/+page.svelte,101,css,00000000,Not Committed Yet,2024-11-13,14:23:31,-08:00,2024-11-13T14:23:31-08:00,2,14
src/routes/projects/+page.svelte,102,css,00000000,Not Committed Yet,2024-11-13,14:23:31,-08:00,2024-11-13T14:23:31-08:00,4,18
src/routes/projects/+page.svelte,103,css,00000000,Not Committed Yet,2024-11-13,14:23:31,-08:00,2024-11-13T14:23:31-08:00,4,14
src/routes/projects/+page.svelte,104,css,00000000,Not Committed Yet,2024-11-13,14:23:31,-08:00,2024-11-13T14:23:31-08:00,4,24
src/routes/projects/+page.svelte,105,css,00000000,Not Committed Yet,2024-11-13,14:23:31,-08:00,2024-11-13T14:23:31-08:00,4,18
src/routes/projects/+page.svelte,106,css,00000000,Not Committed Yet,2024-11-13,14:23:31,-08:00,2024-11-13T14:23:31-08:00,4,39
src/routes/projects/+page.svelte,107,css,00000000,Not Committed Yet,2024-11-13,14:23:31,-08:00,2024-11-13T14:23:31-08:00,4,17
src/routes/projects/+page.svelte,108,css,00000000,Not Committed Yet,2024-11-13,14:23:31,-08:00,2024-11-13T14:23:31-08:00,2,0
src/routes/projects/+page.svelte,109,css,00000000,Not Committed Yet,2024-11-13,14:23:31,-08:00,2024-11-13T14:23:31-08:00,0,0
src/routes/projects/+page.svelte,110,css,00000000,Not Committed Yet,2024-11-13,14:23:31,-08:00,2024-11-13T14:23:31-08:00,2,17
src/routes/projects/+page.svelte,111,css,00000000,Not Committed Yet,2024-11-13,14:23:31,-08:00,2024-11-13T14:23:31-08:00,4,16
src/routes/projects/+page.svelte,112,css,00000000,Not Committed Yet,2024-11-13,14:23:31,-08:00,2024-11-13T14:23:31-08:00,4,18
src/routes/projects/+page.svelte,113,css,00000000,Not Committed Yet,2024-11-13,14:23:31,-08:00,2024-11-13T14:23:31-08:00,4,10
src/routes/projects/+page.svelte,114,css,00000000,Not Committed Yet,2024-11-13,14:23:31,-08:00,2024-11-13T14:23:31-08:00,2,0
src/routes/projects/+page.svelte,115,css,00000000,Not Committed Yet,2024-11-13,14:23:31,-08:00,2024-11-13T14:23:31-08:00,0,0
src/routes/projects/+page.svelte,116,css,00000000,Not Committed Yet,2024-11-13,14:23:31,-08:00,2024-11-13T14:23:31-08:00,2,20
src/routes/projects/+page.svelte,117,css,00000000,Not Committed Yet,2024-11-13,14:23:31,-08:00,2024-11-13T14:23:31-08:00,2,17
src/routes/projects/+page.svelte,118,css,00000000,Not Committed Yet,2024-11-13,14:23:31,-08:00,2024-11-13T14:23:31-08:00,4,15
src/routes/projects/+page.svelte,119,css,00000000,Not Committed Yet,2024-11-13,14:23:31,-08:00,2024-11-13T14:23:31-08:00,2,0
src/routes/projects/+page.svelte,120,css,00000000,Not Committed Yet,2024-11-13,14:23:31,-08:00,2024-11-13T14:23:31-08:00,0,0
src/routes/projects/+page.svelte,121,css,00000000,Not Committed Yet,2024-11-13,14:23:31,-08:00,2024-11-13T14:23:31-08:00,2,9
src/routes/projects/+page.svelte,122,css,00000000,Not Committed Yet,2024-11-13,14:23:31,-08:00,2024-11-13T14:23:31-08:00,4,12
src/routes/projects/+page.svelte,123,css,00000000,Not Committed Yet,2024-11-13,14:23:31,-08:00,2024-11-13T14:23:31-08:00,4,58
src/routes/projects/+page.svelte,124,css,00000000,Not Committed Yet,2024-11-13,14:23:31,-08:00,2024-11-13T14:23:31-08:00,4,7
src/routes/projects/+page.svelte,125,css,00000000,Not Committed Yet,2024-11-13,14:23:31,-08:00,2024-11-13T14:23:31-08:00,4,11
src/routes/projects/+page.svelte,126,css,00000000,Not Committed Yet,2024-11-13,14:23:31,-08:00,2024-11-13T14:23:31-08:00,2,0
src/routes/projects/+page.svelte,127,css,00000000,Not Committed Yet,2024-11-13,14:23:31,-08:00,2024-11-13T14:23:31-08:00,0,0
src/routes/projects/+page.svelte,128,css,00000000,Not Committed Yet,2024-11-13,14:23:31,-08:00,2024-11-13T14:23:31-08:00,2,21
src/routes/projects/+page.svelte,129,css,00000000,Not Committed Yet,2024-11-13,14:23:31,-08:00,2024-11-13T14:23:31-08:00,2,25
src/routes/projects/+page.svelte,130,css,00000000,Not Committed Yet,2024-11-13,14:23:31,-08:00,2024-11-13T14:23:31-08:00,4,2
src/routes/projects/+page.svelte,131,css,00000000,Not Committed Yet,2024-11-13,14:23:31,-08:00,2024-11-13T14:23:31-08:00,6,16
src/routes/projects/+page.svelte,132,css,00000000,Not Committed Yet,2024-11-13,14:23:31,-08:00,2024-11-13T14:23:31-08:00,4,0
src/routes/projects/+page.svelte,133,css,00000000,Not Committed Yet,2024-11-13,14:23:31,-08:00,2024-11-13T14:23:31-08:00,0,0
src/routes/projects/+page.svelte,134,css,00000000,Not Committed Yet,2024-11-13,14:23:31,-08:00,2024-11-13T14:23:31-08:00,4,9
src/routes/projects/+page.svelte,135,css,00000000,Not Committed Yet,2024-11-13,14:23:31,-08:00,2024-11-13T14:23:31-08:00,6,58
src/routes/projects/+page.svelte,136,css,00000000,Not Committed Yet,2024-11-13,14:23:31,-08:00,2024-11-13T14:23:31-08:00,4,0
src/routes/projects/+page.svelte,137,css,00000000,Not Committed Yet,2024-11-13,14:23:31,-08:00,2024-11-13T14:23:31-08:00,0,0
src/routes/projects/+page.svelte,138,css,00000000,Not Committed Yet,2024-11-13,14:23:31,-08:00,2024-11-13T14:23:31-08:00,4,14
src/routes/projects/+page.svelte,139,css,00000000,Not Committed Yet,2024-11-13,14:23:31,-08:00,2024-11-13T14:23:31-08:00,6,12
src/routes/projects/+page.svelte,140,css,00000000,Not Committed Yet,2024-11-13,14:23:31,-08:00,2024-11-13T14:23:31-08:00,4,0
src/routes/projects/+page.svelte,141,css,00000000,Not Committed Yet,2024-11-13,14:23:31,-08:00,2024-11-13T14:23:31-08:00,0,0
src/routes/projects/+page.svelte,142,css,00000000,Not Committed Yet,2024-11-13,14:23:31,-08:00,2024-11-13T14:23:31-08:00,4,17
src/routes/projects/+page.svelte,143,css,00000000,Not Committed Yet,2024-11-13,14:23:31,-08:00,2024-11-13T14:23:31-08:00,6,16
src/routes/projects/+page.svelte,144,css,00000000,Not Committed Yet,2024-11-13,14:23:31,-08:00,2024-11-13T14:23:31-08:00,4,0
src/routes/projects/+page.svelte,145,css,00000000,Not Committed Yet,2024-11-13,14:23:31,-08:00,2024-11-13T14:23:31-08:00,2,0
src/routes/projects/+page.svelte,146,svelte,00000000,Not Committed Yet,2024-11-13,14:23:31,-08:00,2024-11-13T14:23:31-08:00,0,6
src/routes/contact/+page.svelte,1,svelte,af6951c5,yix020,2024-10-23,00:18:44,-07:00,2024-10-23T00:18:44-07:00,0,11
src/routes/contact/+page.svelte,2,svelte,af6951c5,yix020,2024-10-23,00:18:44,-07:00,2024-10-23T00:18:44-07:00,2,21
src/routes/contact/+page.svelte,3,svelte,af6951c5,yix020,2024-10-23,00:18:44,-07:00,2024-10-23T00:18:44-07:00,0,12
src/routes/contact/+page.svelte,4,svelte,af6951c5,yix020,2024-10-23,00:18:44,-07:00,2024-10-23T00:18:44-07:00,0,4
src/routes/contact/+page.svelte,5,svelte,af6951c5,yix020,2024-10-23,00:18:44,-07:00,2024-10-23T00:18:44-07:00,2,14
src/routes/contact/+page.svelte,6,svelte,af6951c5,yix020,2024-10-23,00:18:44,-07:00,2024-10-23T00:18:44-07:00,2,71
src/routes/contact/+page.svelte,7,svelte,af6951c5,yix020,2024-10-23,00:18:44,-07:00,2024-10-23T00:18:44-07:00,4,26
src/routes/contact/+page.svelte,8,svelte,af6951c5,yix020,2024-10-23,00:18:44,-07:00,2024-10-23T00:18:44-07:00,4,31
src/routes/contact/+page.svelte,9,svelte,af6951c5,yix020,2024-10-23,00:18:44,-07:00,2024-10-23T00:18:44-07:00,4,28
src/routes/contact/+page.svelte,10,svelte,af6951c5,yix020,2024-10-23,00:18:44,-07:00,2024-10-23T00:18:44-07:00,4,20
src/routes/contact/+page.svelte,11,svelte,af6951c5,yix020,2024-10-23,00:18:44,-07:00,2024-10-23T00:18:44-07:00,4,25
src/routes/contact/+page.svelte,12,svelte,af6951c5,yix020,2024-10-23,00:18:44,-07:00,2024-10-23T00:18:44-07:00,4,57
src/routes/contact/+page.svelte,13,svelte,af6951c5,yix020,2024-10-23,00:18:44,-07:00,2024-10-23T00:18:44-07:00,4,21
src/routes/contact/+page.svelte,14,svelte,af6951c5,yix020,2024-10-23,00:18:44,-07:00,2024-10-23T00:18:44-07:00,2,5
src/routes/contact/+page.svelte,15,svelte,af6951c5,yix020,2024-10-23,00:18:44,-07:00,2024-10-23T00:18:44-07:00,0,5
src/lib/index.js,1,js,ad131f4,yix020,2024-10-22,15:07:06,-07:00,2024-10-22T15:07:06-07:00,0,72
